{"_wandb":{"runtime":170},"train_loss":2.3206178228576464,"val_loss":1.9064103960990906,"_timestamp":1.7285405907175248e+09,"_runtime":110.795266078,"_step":0}